qid,scenario,type,question,as_of,gold_answer,answer,auto_verdict,auto_reason,human_verdict,human_note,gold_evidence,retrieved,gold_evidence_recall,latency_ms,tokens_in,tokens_out,error
Q001,eldercare,fact_recall,3月11日陈医生对王秀兰的降压用药做了什么交代？,2026-03-31T20:00:00,停用氨氯地平，改为缬沙坦 80mg，每天早饭后一片，两周后复查。,"根据记忆中的记录：
[2026-03-19T10:00:00] 陈医生：针对失眠加一个右佐匹克隆 1mg，睡前吃，睡得着就别吃，别每天都用。
[2026-03-10T09:10:00] 张护士：连着三天高压都在 150 上下，我跟陈医生反映一下，看要不要换药。
[2026-03-11T10:30:00] 陈医生：王奶奶的氨氯地平从今天停掉，换成缬沙坦 80mg，还是每天早饭后一片，两周后复查。
[2026-03-03T13:42:00] 王秀兰：午觉睡得沉，做了个梦，梦见回老家了。
[2026-03-04T13:44:00] 王秀兰：午觉睡得沉，做了个梦，梦见回老家了。
[2026-03-09T13:45:00] 王秀兰：午觉睡得沉，做了个梦，梦见回老家了。
[2026-03-10T13:40:00] 王秀兰：午觉睡得沉，做了个梦，梦见回老家了。
[2026-03-12T13:44:00] 王秀兰：午觉睡得沉，做了个梦，梦见回老家了。",对,命中全部关键事实,,,eld-d10-01,eld-d18-01 eld-d09-01 eld-d10-01 eld-d02-08 eld-d03-05 eld-d08-03 eld-d09-06 eld-d11-04,1.0,1.06,23,245,
Q002,eldercare,fact_recall,3月4日王秀兰说自己身体哪里不舒服？,2026-03-31T20:00:00,右腿膝盖发酸，上下楼梯时疼得厉害。,"根据记忆中的记录：
[2026-03-04T10:25:00] 护工-李梅：我记一下，王奶奶今天说膝盖不舒服，回头跟护士站说。
[2026-03-13T22:20:00] 护工-李梅：我记一下，王奶奶今天说咳嗽不舒服，回头跟护士站说。
[2026-03-22T09:45:00] 护工-李梅：我记一下，王奶奶今天说头晕不舒服，回头跟护士站说。
[2026-03-03T15:10:00] 王秀兰：来了就好，别老惦记着买东西，钱留着自己花。
[2026-03-10T14:40:00] 王秀兰：来了就好，别老惦记着买东西，钱留着自己花。
[2026-03-17T15:30:00] 王秀兰：来了就好，别老惦记着买东西，钱留着自己花。
[2026-03-24T15:00:00] 王秀兰：来了就好，别老惦记着买东西，钱留着自己花。
[2026-03-29T16:10:00] 王秀兰：来了就好，别老惦记着买东西，钱留着自己花。",对,命中全部关键事实,,,eld-d03-02 eld-d03-03,eld-d03-03 eld-d12-02 eld-d21-03 eld-d02-03 eld-d09-03 eld-d16-02 eld-d23-02 eld-d28-02,0.5,0.9,18,244,
Q003,eldercare,fact_recall,3月19日陈医生给王秀兰新加了什么药，怎么吃？,2026-03-31T20:00:00,加了右佐匹克隆 1mg，睡前服用，睡得着就不吃，不要每天用。,"根据记忆中的记录：
[2026-03-19T10:00:00] 陈医生：针对失眠加一个右佐匹克隆 1mg，睡前吃，睡得着就别吃，别每天都用。
[2026-03-10T09:10:00] 张护士：连着三天高压都在 150 上下，我跟陈医生反映一下，看要不要换药。
[2026-03-11T10:30:00] 陈医生：王奶奶的氨氯地平从今天停掉，换成缬沙坦 80mg，还是每天早饭后一片，两周后复查。
[2026-03-04T17:19:00] 护工-李梅：食堂今天有您爱吃的南瓜羹，我给您留了一份。
[2026-03-04T10:36:00] 王秀兰：院子里那几盆月季又开花了，比上回开得旺。
[2026-03-07T10:44:00] 王秀兰：院子里那几盆月季又开花了，比上回开得旺。
[2026-03-10T10:46:00] 王秀兰：院子里那几盆月季又开花了，比上回开得旺。
[2026-03-12T10:36:00] 王秀兰：院子里那几盆月季又开花了，比上回开得旺。",对,命中全部关键事实,,,eld-d18-01,eld-d18-01 eld-d09-01 eld-d10-01 eld-d03-04 eld-d03-07 eld-d06-04 eld-d09-04 eld-d11-03,1.0,1.16,22,258,
Q004,eldercare,fact_recall,3月3日王秀兰对护工提了什么饮食要求？,2026-03-31T20:00:00,汤里不要放香菜，她闻不得那个味道。,"根据记忆中的记录：
[2026-03-21T12:00:00] 护工-李梅：食堂师傅，王奶奶的菜不要香菜，她忌口。
[2026-03-04T10:36:00] 王秀兰：院子里那几盆月季又开花了，比上回开得旺。
[2026-03-07T10:44:00] 王秀兰：院子里那几盆月季又开花了，比上回开得旺。
[2026-03-10T10:46:00] 王秀兰：院子里那几盆月季又开花了，比上回开得旺。
[2026-03-12T10:36:00] 王秀兰：院子里那几盆月季又开花了，比上回开得旺。
[2026-03-16T10:43:00] 王秀兰：院子里那几盆月季又开花了，比上回开得旺。
[2026-03-29T10:35:00] 王秀兰：院子里那几盆月季又开花了，比上回开得旺。
[2026-03-22T20:50:00] 护工-李梅：王奶奶今晚要右佐匹克隆吗？睡得着就先不吃。",对,命中全部关键事实,,,eld-d02-01,eld-d20-01 eld-d03-07 eld-d06-04 eld-d09-04 eld-d11-03 eld-d15-01 eld-d28-04 eld-d21-01,0.0,1.0,19,223,
Q013,eldercare,temporal_locate,上周三下午护工通知了什么事？,2026-03-25T20:00:00,书法班的周老师调课，从当周起改到周四下午两点半，地点仍是二楼活动室。,"根据记忆中的记录：
[2026-03-04T14:30:00] 护工-李梅：王奶奶，周三下午的书法班开始了，我陪您上二楼活动室。
[2026-03-11T14:30:00] 护工-李梅：王奶奶，周三下午的书法班开始了，我陪您上二楼活动室。
[2026-03-18T15:00:00] 护工-李梅：通知一下，书法班的周老师调课，从这周起改到周四下午两点半，还是二楼活动室。
[2026-03-19T14:30:00] 护工-李梅：王奶奶，周四下午的书法班到点了，咱们上二楼。
[2026-03-10T09:10:00] 张护士：连着三天高压都在 150 上下，我跟陈医生反映一下，看要不要换药。
[2026-03-05T14:17:00] 王秀兰：下午我想听会儿评剧，你帮我把收音机调一下。
[2026-03-07T14:16:00] 王秀兰：下午我想听会儿评剧，你帮我把收音机调一下。
[2026-03-08T14:23:00] 王秀兰：下午我想听会儿评剧，你帮我把收音机调一下。",对,命中全部关键事实,,,eld-d17-02,eld-d03-01 eld-d10-03 eld-d17-02 eld-d18-02 eld-d09-01 eld-d04-04 eld-d06-02 eld-d07-01,1.0,0.63,14,269,
Q014,eldercare,temporal_locate,上周三下午王秀兰参加了什么活动？,2026-03-13T20:00:00,参加书法班，在二楼活动室。,"根据记忆中的记录：
[2026-03-04T14:30:00] 护工-李梅：王奶奶，周三下午的书法班开始了，我陪您上二楼活动室。
[2026-03-11T14:30:00] 护工-李梅：王奶奶，周三下午的书法班开始了，我陪您上二楼活动室。
[2026-03-10T09:10:00] 张护士：连着三天高压都在 150 上下，我跟陈医生反映一下，看要不要换药。
[2026-03-05T14:17:00] 王秀兰：下午我想听会儿评剧，你帮我把收音机调一下。
[2026-03-07T14:16:00] 王秀兰：下午我想听会儿评剧，你帮我把收音机调一下。
[2026-03-08T14:23:00] 王秀兰：下午我想听会儿评剧，你帮我把收音机调一下。
[2026-03-10T14:26:00] 王秀兰：下午我想听会儿评剧，你帮我把收音机调一下。
[2026-03-11T14:13:00] 王秀兰：下午我想听会儿评剧，你帮我把收音机调一下。",对,命中全部关键事实,,,eld-d03-01,eld-d03-01 eld-d10-03 eld-d09-01 eld-d04-04 eld-d06-02 eld-d07-01 eld-d09-05 eld-d10-07,1.0,0.81,16,248,
Q015,eldercare,temporal_locate,3月24日下午王秀兰这边发生了什么？,2026-03-31T20:00:00,儿子王建国和孙女王小雨一起来探视，带了一台新收音机。,"根据记忆中的记录：
[2026-03-05T14:17:00] 王秀兰：下午我想听会儿评剧，你帮我把收音机调一下。
[2026-03-07T14:16:00] 王秀兰：下午我想听会儿评剧，你帮我把收音机调一下。
[2026-03-08T14:23:00] 王秀兰：下午我想听会儿评剧，你帮我把收音机调一下。
[2026-03-10T14:26:00] 王秀兰：下午我想听会儿评剧，你帮我把收音机调一下。
[2026-03-11T14:13:00] 王秀兰：下午我想听会儿评剧，你帮我把收音机调一下。
[2026-03-17T14:20:00] 王秀兰：下午我想听会儿评剧，你帮我把收音机调一下。
[2026-03-21T14:26:00] 王秀兰：下午我想听会儿评剧，你帮我把收音机调一下。
[2026-03-27T14:19:00] 王秀兰：下午我想听会儿评剧，你帮我把收音机调一下。",错,缺少关键事实：(儿子|建国)、(孙女|小雨),,,eld-d23-01,eld-d04-04 eld-d06-02 eld-d07-01 eld-d09-05 eld-d10-07 eld-d16-03 eld-d20-02 eld-d26-03,0.0,1.47,17,227,
Q016,eldercare,temporal_locate,3月13日夜里王秀兰报告了什么身体状况？,2026-03-31T20:00:00,夜里咳嗽，躺下就咳，坐起来好一些。,"根据记忆中的记录：
[2026-03-13T22:15:00] 王秀兰：我夜里咳嗽，躺下就咳，坐起来好一些。
[2026-03-18T21:30:00] 王秀兰：这几天夜里翻来覆去睡不着，天快亮了才迷糊一会儿。
[2026-03-04T10:36:00] 王秀兰：院子里那几盆月季又开花了，比上回开得旺。
[2026-03-07T10:44:00] 王秀兰：院子里那几盆月季又开花了，比上回开得旺。
[2026-03-10T10:46:00] 王秀兰：院子里那几盆月季又开花了，比上回开得旺。
[2026-03-12T10:36:00] 王秀兰：院子里那几盆月季又开花了，比上回开得旺。
[2026-03-16T10:43:00] 王秀兰：院子里那几盆月季又开花了，比上回开得旺。
[2026-03-29T10:35:00] 王秀兰：院子里那几盆月季又开花了，比上回开得旺。",对,命中全部关键事实,,,eld-d12-01 eld-d12-02,eld-d12-01 eld-d17-01 eld-d03-07 eld-d06-04 eld-d09-04 eld-d11-03 eld-d15-01 eld-d28-04,0.5,1.4,19,221,
Q025,eldercare,fact_change,王秀兰现在的降压药方案是什么？,2026-03-31T20:00:00,缬沙坦 80mg，每日一次，早饭后服用。,"根据记忆中的记录：
[2026-03-25T09:05:00] 张护士：换缬沙坦两周了，今天血压 132/82，降下来了，方案先不动。
[2026-03-10T09:10:00] 张护士：连着三天高压都在 150 上下，我跟陈医生反映一下，看要不要换药。
[2026-03-02T19:27:00] 王秀兰：电视里这个节目我看过，讲的是老北京的胡同。
[2026-03-07T19:24:00] 王秀兰：电视里这个节目我看过，讲的是老北京的胡同。
[2026-03-10T19:19:00] 王秀兰：电视里这个节目我看过，讲的是老北京的胡同。
[2026-03-11T19:19:00] 王秀兰：电视里这个节目我看过，讲的是老北京的胡同。
[2026-03-13T19:20:00] 王秀兰：电视里这个节目我看过，讲的是老北京的胡同。
[2026-03-21T19:17:00] 王秀兰：电视里这个节目我看过，讲的是老北京的胡同。",对,命中现行事实，且未把旧值当成现行,,,eld-d10-01 eld-d24-01,eld-d24-01 eld-d09-01 eld-d01-05 eld-d06-01 eld-d09-07 eld-d10-06 eld-d12-06 eld-d20-05,0.5,1.33,15,239,
Q026,eldercare,fact_change,王秀兰的书法班现在是周几下午？,2026-03-31T20:00:00,周四下午两点半，二楼活动室。,"根据记忆中的记录：
[2026-03-19T14:30:00] 护工-李梅：王奶奶，周四下午的书法班到点了，咱们上二楼。
[2026-03-26T14:30:00] 护工-李梅：王奶奶，周四下午的书法班到点了，咱们上二楼。
[2026-03-04T14:30:00] 护工-李梅：王奶奶，周三下午的书法班开始了，我陪您上二楼活动室。
[2026-03-11T14:30:00] 护工-李梅：王奶奶，周三下午的书法班开始了，我陪您上二楼活动室。
[2026-03-18T15:00:00] 护工-李梅：通知一下，书法班的周老师调课，从这周起改到周四下午两点半，还是二楼活动室。
[2026-03-05T14:17:00] 王秀兰：下午我想听会儿评剧，你帮我把收音机调一下。
[2026-03-07T14:16:00] 王秀兰：下午我想听会儿评剧，你帮我把收音机调一下。
[2026-03-08T14:23:00] 王秀兰：下午我想听会儿评剧，你帮我把收音机调一下。",错,把已失效的旧值当成现行事实陈述：周三,,,eld-d17-02 eld-d25-01,eld-d18-02 eld-d25-01 eld-d03-01 eld-d10-03 eld-d17-02 eld-d04-04 eld-d06-02 eld-d07-01,1.0,1.33,15,264,
Q027,eldercare,fact_change,截至3月9日，王秀兰吃的降压药是什么？,2026-03-09T20:00:00,氨氯地平 5mg，每日一次（3 月 11 日才换成缬沙坦，此时尚未更换）。,"根据记忆中的记录：
[2026-03-06T09:00:00] 张护士：今天血压 152/94，还是偏高，氨氯地平吃了快一周了，效果一般。
[2026-03-04T17:19:00] 护工-李梅：食堂今天有您爱吃的南瓜羹，我给您留了一份。
[2026-03-05T17:22:00] 护工-李梅：食堂今天有您爱吃的南瓜羹，我给您留了一份。
[2026-03-02T08:08:00] 王秀兰：吃了，那个白色的小片，我记着呢。",对,命中现行事实，且未把旧值当成现行,,,eld-d01-01 eld-d05-01,eld-d05-01 eld-d03-04 eld-d04-01 eld-d01-02,0.5,0.48,19,122,
Q028,eldercare,fact_change,王秀兰的助眠药是什么？从哪天开始吃的？,2026-03-31T20:00:00,右佐匹克隆 1mg 睡前服用，从 3 月 19 日开始，且只在睡不着时吃。,"根据记忆中的记录：
[2026-03-11T10:35:00] 护工-李梅：记下了，明天开始给王奶奶发缬沙坦，原来那个氨氯地平我收走。
[2026-03-04T14:30:00] 护工-李梅：王奶奶，周三下午的书法班开始了，我陪您上二楼活动室。
[2026-03-11T14:30:00] 护工-李梅：王奶奶，周三下午的书法班开始了，我陪您上二楼活动室。
[2026-03-02T09:27:00] 王秀兰：今天天气比昨天暖和，窗户开一条缝就行。
[2026-03-18T09:29:00] 王秀兰：今天天气比昨天暖和，窗户开一条缝就行。
[2026-03-19T09:26:00] 王秀兰：今天天气比昨天暖和，窗户开一条缝就行。
[2026-03-24T09:23:00] 王秀兰：今天天气比昨天暖和，窗户开一条缝就行。
[2026-03-05T20:14:00] 王秀兰：我这记性不如从前了，刚说过的话转脸就忘。",错,缺少关键事实：右佐匹克隆、(3月19|19日),,,eld-d18-01,eld-d10-02 eld-d03-01 eld-d10-03 eld-d01-04 eld-d17-05 eld-d18-05 eld-d23-03 eld-d04-03,0.0,1.51,19,241,
Q037,eldercare,cross_session,这一个月里王秀兰的家属一共来看过几次？分别是谁来的？,2026-03-31T20:00:00,5 次：3 月 3 日儿子王建国、3 月 10 日孙女王小雨、3 月 17 日儿子、3 月 24 日儿子和孙女同来、3 月 31 日儿子。,"根据记忆中的记录：
[2026-03-02T19:27:00] 王秀兰：电视里这个节目我看过，讲的是老北京的胡同。
[2026-03-07T19:24:00] 王秀兰：电视里这个节目我看过，讲的是老北京的胡同。
[2026-03-10T19:19:00] 王秀兰：电视里这个节目我看过，讲的是老北京的胡同。
[2026-03-11T19:19:00] 王秀兰：电视里这个节目我看过，讲的是老北京的胡同。
[2026-03-13T19:20:00] 王秀兰：电视里这个节目我看过，讲的是老北京的胡同。
[2026-03-21T19:17:00] 王秀兰：电视里这个节目我看过，讲的是老北京的胡同。
[2026-03-23T19:19:00] 王秀兰：电视里这个节目我看过，讲的是老北京的胡同。
[2026-03-25T19:26:00] 王秀兰：电视里这个节目我看过，讲的是老北京的胡同。",错,缺少关键事实：(建国|儿子)、(小雨|孙女),,,eld-d02-02 eld-d09-02 eld-d16-01 eld-d23-01 eld-d28-01,eld-d01-05 eld-d06-01 eld-d09-07 eld-d10-06 eld-d12-06 eld-d20-05 eld-d22-03 eld-d24-03,0.0,1.81,26,227,
Q038,eldercare,cross_session,王秀兰的降压药换过几次？从什么换成了什么？为什么换？,2026-03-31T20:00:00,换过 1 次：3 月 11 日因血压持续偏高（150 上下），从氨氯地平 5mg 换成缬沙坦 80mg。,"根据记忆中的记录：
[2026-03-11T10:30:00] 陈医生：王奶奶的氨氯地平从今天停掉，换成缬沙坦 80mg，还是每天早饭后一片，两周后复查。
[2026-03-25T09:05:00] 张护士：换缬沙坦两周了，今天血压 132/82，降下来了，方案先不动。
[2026-03-05T20:14:00] 王秀兰：我这记性不如从前了，刚说过的话转脸就忘。
[2026-03-13T20:12:00] 王秀兰：我这记性不如从前了，刚说过的话转脸就忘。
[2026-03-14T20:06:00] 王秀兰：我这记性不如从前了，刚说过的话转脸就忘。
[2026-03-20T20:12:00] 王秀兰：我这记性不如从前了，刚说过的话转脸就忘。
[2026-03-24T20:15:00] 王秀兰：我这记性不如从前了，刚说过的话转脸就忘。
[2026-03-28T20:04:00] 王秀兰：我这记性不如从前了，刚说过的话转脸就忘。",对,命中全部关键事实,,,eld-d05-01 eld-d09-01 eld-d10-01,eld-d10-01 eld-d24-01 eld-d04-03 eld-d12-05 eld-d13-03 eld-d19-01 eld-d23-05 eld-d27-03,0.333,1.62,26,241,
Q039,eldercare,cross_session,王秀兰这个月总共报告过哪些身体不适？分别是哪天？,2026-03-31T20:00:00,3 次：3 月 4 日膝盖疼、3 月 13 日夜间咳嗽、3 月 22 日头晕。,"根据记忆中的记录：
[2026-03-02T19:27:00] 王秀兰：电视里这个节目我看过，讲的是老北京的胡同。
[2026-03-07T19:24:00] 王秀兰：电视里这个节目我看过，讲的是老北京的胡同。
[2026-03-10T19:19:00] 王秀兰：电视里这个节目我看过，讲的是老北京的胡同。
[2026-03-11T19:19:00] 王秀兰：电视里这个节目我看过，讲的是老北京的胡同。
[2026-03-13T19:20:00] 王秀兰：电视里这个节目我看过，讲的是老北京的胡同。
[2026-03-21T19:17:00] 王秀兰：电视里这个节目我看过，讲的是老北京的胡同。
[2026-03-23T19:19:00] 王秀兰：电视里这个节目我看过，讲的是老北京的胡同。
[2026-03-25T19:26:00] 王秀兰：电视里这个节目我看过，讲的是老北京的胡同。",错,缺少关键事实：膝盖、咳嗽、头晕,,,eld-d03-02 eld-d12-01 eld-d21-02,eld-d01-05 eld-d06-01 eld-d09-07 eld-d10-06 eld-d12-06 eld-d20-05 eld-d22-03 eld-d24-03,0.0,1.61,24,227,
Q040,eldercare,cross_session,王秀兰换降压药前后，血压读数有什么变化？,2026-03-31T20:00:00,换药前 3 月 6 日 152/94、3 月 10 日连续三天 150 上下；换药后 3 月 25 日降到 132/82。,"根据记忆中的记录：
[2026-03-25T09:05:00] 张护士：换缬沙坦两周了，今天血压 132/82，降下来了，方案先不动。
[2026-03-10T09:10:00] 张护士：连着三天高压都在 150 上下，我跟陈医生反映一下，看要不要换药。
[2026-03-03T11:00:00] 护工-李梅：王奶奶，一会儿量个血压，例行的。
[2026-03-09T11:05:00] 护工-李梅：王奶奶，一会儿量个血压，例行的。
[2026-03-13T11:04:00] 护工-李梅：王奶奶，一会儿量个血压，例行的。
[2026-03-16T11:07:00] 护工-李梅：王奶奶，一会儿量个血压，例行的。
[2026-03-19T11:04:00] 护工-李梅：王奶奶，一会儿量个血压，例行的。
[2026-03-20T11:00:00] 护工-李梅：王奶奶，一会儿量个血压，例行的。",对,命中全部关键事实,,,eld-d05-01 eld-d09-01 eld-d24-01,eld-d24-01 eld-d09-01 eld-d02-05 eld-d08-02 eld-d12-03 eld-d15-02 eld-d18-04 eld-d19-02,0.667,1.34,20,219,
Q049,eldercare,refusal,王秀兰的糖尿病用的是什么药？,2026-03-31T20:00:00,数据中没有王秀兰患糖尿病或使用糖尿病药物的任何记录，应明确表示不知道。,"根据记忆中的记录：
[2026-03-02T19:27:00] 王秀兰：电视里这个节目我看过，讲的是老北京的胡同。
[2026-03-07T19:24:00] 王秀兰：电视里这个节目我看过，讲的是老北京的胡同。
[2026-03-10T19:19:00] 王秀兰：电视里这个节目我看过，讲的是老北京的胡同。
[2026-03-11T19:19:00] 王秀兰：电视里这个节目我看过，讲的是老北京的胡同。
[2026-03-13T19:20:00] 王秀兰：电视里这个节目我看过，讲的是老北京的胡同。
[2026-03-21T19:17:00] 王秀兰：电视里这个节目我看过，讲的是老北京的胡同。
[2026-03-23T19:19:00] 王秀兰：电视里这个节目我看过，讲的是老北京的胡同。
[2026-03-25T19:26:00] 王秀兰：电视里这个节目我看过，讲的是老北京的胡同。",错,没有明确表示不知道/无相关记录,,,,eld-d01-05 eld-d06-01 eld-d09-07 eld-d10-06 eld-d12-06 eld-d20-05 eld-d22-03 eld-d24-03,,1.23,14,227,
Q050,eldercare,refusal,王秀兰的女儿上次是什么时候来看她的？,2026-03-31T20:00:00,数据中只出现过儿子王建国和孙女王小雨，没有女儿，应明确指出没有相关记录。,"根据记忆中的记录：
[2026-03-04T10:20:00] 王秀兰：我右腿膝盖发酸，上下楼梯的时候疼得厉害。
[2026-03-24T14:50:00] 护工-李梅：王奶奶，儿子-王建国、孙女-王小雨来看您了，爷孙俩一起来的，带了一台新收音机。
[2026-03-10T14:30:00] 护工-李梅：王奶奶，孙女-王小雨来看您了，带了一束满天星，还给您念了会儿报纸。
[2026-03-29T16:00:00] 护工-李梅：王奶奶，儿子-王建国来看您了，陪着聊了一个多小时，说下月接您回家住几天。
[2026-03-03T15:00:00] 护工-李梅：王奶奶，儿子-王建国来看您了，带了两盒您爱吃的核桃酥。
[2026-03-17T15:20:00] 护工-李梅：王奶奶，儿子-王建国来看您了，带来一件新棉马甲，试了正合身。
[2026-03-02T19:27:00] 王秀兰：电视里这个节目我看过，讲的是老北京的胡同。
[2026-03-07T19:24:00] 王秀兰：电视里这个节目我看过，讲的是老北京的胡同。",错,没有明确表示不知道/无相关记录,,,,eld-d03-02 eld-d23-01 eld-d09-02 eld-d28-01 eld-d02-02 eld-d16-01 eld-d01-05 eld-d06-01,,1.47,18,293,
Q051,eldercare,refusal,王秀兰住在几号房间？,2026-03-31T20:00:00,数据中从未提到过房间号或床位号，应明确表示不知道。,"根据记忆中的记录：
[2026-03-04T10:36:00] 王秀兰：院子里那几盆月季又开花了，比上回开得旺。
[2026-03-07T10:44:00] 王秀兰：院子里那几盆月季又开花了，比上回开得旺。
[2026-03-10T10:46:00] 王秀兰：院子里那几盆月季又开花了，比上回开得旺。
[2026-03-12T10:36:00] 王秀兰：院子里那几盆月季又开花了，比上回开得旺。
[2026-03-16T10:43:00] 王秀兰：院子里那几盆月季又开花了，比上回开得旺。
[2026-03-29T10:35:00] 王秀兰：院子里那几盆月季又开花了，比上回开得旺。
[2026-03-29T16:00:00] 护工-李梅：王奶奶，儿子-王建国来看您了，陪着聊了一个多小时，说下月接您回家住几天。
[2026-03-18T21:30:00] 王秀兰：这几天夜里翻来覆去睡不着，天快亮了才迷糊一会儿。",错,没有明确表示不知道/无相关记录,,,,eld-d03-07 eld-d06-04 eld-d09-04 eld-d11-03 eld-d15-01 eld-d28-04 eld-d28-01 eld-d17-01,,0.94,10,241,
Q052,eldercare,refusal,王秀兰对青霉素过敏吗？,2026-03-31T20:00:00,数据中没有王秀兰任何药物过敏的记录，应明确表示无相关信息，不得臆断为'不过敏'。,"根据记忆中的记录：
[2026-03-05T20:14:00] 王秀兰：我这记性不如从前了，刚说过的话转脸就忘。
[2026-03-13T20:12:00] 王秀兰：我这记性不如从前了，刚说过的话转脸就忘。
[2026-03-14T20:06:00] 王秀兰：我这记性不如从前了，刚说过的话转脸就忘。
[2026-03-20T20:12:00] 王秀兰：我这记性不如从前了，刚说过的话转脸就忘。
[2026-03-24T20:15:00] 王秀兰：我这记性不如从前了，刚说过的话转脸就忘。
[2026-03-28T20:04:00] 王秀兰：我这记性不如从前了，刚说过的话转脸就忘。
[2026-03-29T20:16:00] 王秀兰：我这记性不如从前了，刚说过的话转脸就忘。
[2026-03-02T19:27:00] 王秀兰：电视里这个节目我看过，讲的是老北京的胡同。",错,没有明确表示不知道/无相关记录,,,,eld-d04-03 eld-d12-05 eld-d13-03 eld-d19-01 eld-d23-05 eld-d27-03 eld-d28-06 eld-d01-05,,1.08,11,220,
Q005,pet,fact_recall,3月11日陈屿决定把豆包的主粮换成什么？,2026-03-31T20:00:00,换成渴望成犬粮，按七天过渡法慢慢换。,"根据记忆中的记录：
[2026-03-11T11:00:00] 陈屿：决定换粮了，皇家幼犬粮停掉，改喂渴望成犬粮，按七天过渡法慢慢换。
[2026-03-28T07:40:00] 陈屿：渴望这个粮吃了半个多月，便便一直是成型的，挺合适。
[2026-03-18T07:45:00] 陈屿：过渡期结束，现在豆包吃的是纯渴望成犬粮了。
[2026-03-05T22:11:00] 陈屿：豆包睡在它自己的窝里，打呼噜。
[2026-03-23T22:11:00] 陈屿：豆包睡在它自己的窝里，打呼噜。
[2026-03-09T11:00:00] 刘医生：肠胃有点敏感，不是感染，先吃一周益生菌，粮也可以考虑换个低敏的。
[2026-03-02T07:40:00] 陈屿：豆包早饭吃的还是皇家幼犬粮，一直吃这个牌子。
[2026-03-06T20:11:00] 陈屿：刷牙的时候它躲，只刷了前面几颗。",对,命中全部关键事实,,,pet-d10-01,pet-d10-01 pet-d27-01 pet-d17-01 pet-d04-04 pet-d22-03 pet-d08-02 pet-d01-01 pet-d05-02,1.0,1.42,19,230,
Q006,pet,fact_recall,3月9日刘医生对豆包的诊断和处置是什么？,2026-03-31T20:00:00,肠胃敏感、不是感染，先吃一周益生菌，建议换低敏粮。,"根据记忆中的记录：
[2026-03-09T10:30:00] 陈屿：带豆包去安康动物医院看软便了，挂的刘医生。
[2026-03-09T11:10:00] 刘医生：顺便称了一下，9.2 公斤，这个月龄偏瘦一点点。
[2026-03-27T10:40:00] 刘医生：恢复得不错，益生菌可以停了。体重 10.1 公斤，这一个月长了差不多一公斤。
[2026-03-09T11:00:00] 刘医生：肠胃有点敏感，不是感染，先吃一周益生菌，粮也可以考虑换个低敏的。
[2026-03-21T19:10:00] 陈屿：刘医生说豆包偏瘦，让加量，从今天起每顿从 80 克加到 100 克。
[2026-03-20T10:20:00] 刘医生：疫苗打完了，观察半小时没反应就可以走。体重 9.5 公斤，比上次长了点。
[2026-03-05T18:30:00] 陈屿：买零食的时候得看配料，豆包对鸡肉过敏，吃了浑身起红点。
[2026-03-07T21:20:00] 陈屿：这两天便便有点软，不知道是不是皇家这袋粮不对付。",对,命中全部关键事实,,,pet-d08-02,pet-d08-01 pet-d08-03 pet-d26-02 pet-d08-02 pet-d20-01 pet-d19-02 pet-d04-01 pet-d06-01,1.0,1.05,20,271,
Q007,pet,fact_recall,3月5日陈屿提到豆包对什么食物过敏？,2026-03-31T20:00:00,对鸡肉过敏，吃了浑身起红点。,"根据记忆中的记录：
[2026-03-05T18:30:00] 陈屿：买零食的时候得看配料，豆包对鸡肉过敏，吃了浑身起红点。
[2026-03-24T15:00:00] 陈屿：同事想喂豆包鸡胸肉干，我赶紧拦下了，它鸡肉过敏。
[2026-03-18T07:45:00] 陈屿：过渡期结束，现在豆包吃的是纯渴望成犬粮了。
[2026-03-27T10:15:00] 陈屿：带豆包回安康动物医院复查肠胃。
[2026-03-02T16:15:00] 陈屿：带豆包去了趟宠物店剪指甲，它全程发抖。
[2026-03-04T16:16:00] 陈屿：带豆包去了趟宠物店剪指甲，它全程发抖。
[2026-03-07T16:16:00] 陈屿：带豆包去了趟宠物店剪指甲，它全程发抖。
[2026-03-09T16:18:00] 陈屿：带豆包去了趟宠物店剪指甲，它全程发抖。",对,命中全部关键事实,,,pet-d04-01,pet-d04-01 pet-d23-01 pet-d17-01 pet-d26-01 pet-d01-03 pet-d03-03 pet-d06-03 pet-d08-05,1.0,1.3,18,214,
Q008,pet,fact_recall,3月20日豆包去医院做了什么？,2026-03-31T20:00:00,打狂犬疫苗的年度加强针。,"根据记忆中的记录：
[2026-03-09T10:30:00] 陈屿：带豆包去安康动物医院看软便了，挂的刘医生。
[2026-03-27T10:15:00] 陈屿：带豆包回安康动物医院复查肠胃。
[2026-03-02T16:15:00] 陈屿：带豆包去了趟宠物店剪指甲，它全程发抖。
[2026-03-04T16:16:00] 陈屿：带豆包去了趟宠物店剪指甲，它全程发抖。
[2026-03-07T16:16:00] 陈屿：带豆包去了趟宠物店剪指甲，它全程发抖。
[2026-03-09T16:18:00] 陈屿：带豆包去了趟宠物店剪指甲，它全程发抖。
[2026-03-12T16:14:00] 陈屿：带豆包去了趟宠物店剪指甲，它全程发抖。
[2026-03-16T16:17:00] 陈屿：带豆包去了趟宠物店剪指甲，它全程发抖。",错,缺少关键事实：疫苗、(狂犬),,,pet-d19-01 pet-d19-02,pet-d08-01 pet-d26-01 pet-d01-03 pet-d03-03 pet-d06-03 pet-d08-05 pet-d11-01 pet-d15-01,0.0,1.02,14,201,
Q017,pet,temporal_locate,上周三早上陈屿记录了豆包吃粮的什么情况？,2026-03-27T20:00:00,七天过渡期结束，豆包已经在吃纯渴望成犬粮。,"根据记忆中的记录：
[2026-03-18T07:45:00] 陈屿：过渡期结束，现在豆包吃的是纯渴望成犬粮了。
[2026-03-02T07:40:00] 陈屿：豆包早饭吃的还是皇家幼犬粮，一直吃这个牌子。
[2026-03-09T11:00:00] 刘医生：肠胃有点敏感，不是感染，先吃一周益生菌，粮也可以考虑换个低敏的。
[2026-03-04T07:57:00] 陈屿：早上遛了四十分钟，绕着小区走了两圈。
[2026-03-13T07:55:00] 陈屿：早上遛了四十分钟，绕着小区走了两圈。
[2026-03-16T07:49:00] 陈屿：早上遛了四十分钟，绕着小区走了两圈。
[2026-03-18T07:50:00] 陈屿：早上遛了四十分钟，绕着小区走了两圈。
[2026-03-20T07:56:00] 陈屿：早上遛了四十分钟，绕着小区走了两圈。",对,命中全部关键事实,,,pet-d17-01,pet-d17-01 pet-d01-01 pet-d08-02 pet-d03-05 pet-d12-04 pet-d15-02 pet-d17-04 pet-d19-04,1.0,1.11,20,217,
Q018,pet,temporal_locate,3月21日晚上陈屿对豆包的喂食量做了什么调整？,2026-03-31T20:00:00,因为刘医生说偏瘦，每顿从 80 克加到 100 克。,"根据记忆中的记录：
[2026-03-03T07:30:00] 陈屿：一直是早晚两顿，一顿 80 克，用量杯量的。
[2026-03-05T18:30:00] 陈屿：买零食的时候得看配料，豆包对鸡肉过敏，吃了浑身起红点。
[2026-03-30T16:21:00] 陈屿：带豆包去了趟宠物店剪指甲，它全程发抖。
[2026-03-08T18:33:00] 陈屿：晚上遛弯遇到楼下那只金毛，两个狗玩疯了。
[2026-03-14T18:34:00] 陈屿：晚上遛弯遇到楼下那只金毛，两个狗玩疯了。
[2026-03-15T18:47:00] 陈屿：晚上遛弯遇到楼下那只金毛，两个狗玩疯了。
[2026-03-21T18:38:00] 陈屿：晚上遛弯遇到楼下那只金毛，两个狗玩疯了。
[2026-03-22T18:33:00] 陈屿：晚上遛弯遇到楼下那只金毛，两个狗玩疯了。",错,缺少关键事实：100,,,pet-d20-01,pet-d02-01 pet-d04-01 pet-d29-02 pet-d07-04 pet-d13-03 pet-d14-02 pet-d20-04 pet-d21-02,0.0,1.29,22,216,
Q019,pet,temporal_locate,3月23日晚上豆包做了什么？,2026-03-31T20:00:00,学会了握手，教了三天，一说'握手'就抬爪子。,"根据记忆中的记录：
[2026-03-08T18:33:00] 陈屿：晚上遛弯遇到楼下那只金毛，两个狗玩疯了。
[2026-03-14T18:34:00] 陈屿：晚上遛弯遇到楼下那只金毛，两个狗玩疯了。
[2026-03-15T18:47:00] 陈屿：晚上遛弯遇到楼下那只金毛，两个狗玩疯了。
[2026-03-21T18:38:00] 陈屿：晚上遛弯遇到楼下那只金毛，两个狗玩疯了。
[2026-03-22T18:33:00] 陈屿：晚上遛弯遇到楼下那只金毛，两个狗玩疯了。
[2026-03-27T18:43:00] 陈屿：晚上遛弯遇到楼下那只金毛，两个狗玩疯了。
[2026-03-28T18:44:00] 陈屿：晚上遛弯遇到楼下那只金毛，两个狗玩疯了。
[2026-03-31T18:38:00] 陈屿：晚上遛弯遇到楼下那只金毛，两个狗玩疯了。",错,缺少关键事实：握手,,,pet-d22-01,pet-d07-04 pet-d13-03 pet-d14-02 pet-d20-04 pet-d21-02 pet-d26-04 pet-d27-02 pet-d30-04,0.0,0.54,13,211,
Q020,pet,temporal_locate,3月9日上午豆包在医院称的体重是多少？,2026-03-31T20:00:00,9.2 公斤。,"根据记忆中的记录：
[2026-03-27T10:40:00] 刘医生：恢复得不错，益生菌可以停了。体重 10.1 公斤，这一个月长了差不多一公斤。
[2026-03-09T10:30:00] 陈屿：带豆包去安康动物医院看软便了，挂的刘医生。
[2026-03-27T10:15:00] 陈屿：带豆包回安康动物医院复查肠胃。
[2026-03-20T10:20:00] 刘医生：疫苗打完了，观察半小时没反应就可以走。体重 9.5 公斤，比上次长了点。
[2026-03-09T11:10:00] 刘医生：顺便称了一下，9.2 公斤，这个月龄偏瘦一点点。
[2026-03-28T07:40:00] 陈屿：渴望这个粮吃了半个多月，便便一直是成型的，挺合适。
[2026-03-18T07:45:00] 陈屿：过渡期结束，现在豆包吃的是纯渴望成犬粮了。
[2026-03-09T19:31:00] 陈屿：给豆包梳了梳毛，掉毛季地上全是。",对,命中全部关键事实,,,pet-d08-03,pet-d26-02 pet-d08-01 pet-d26-01 pet-d19-02 pet-d08-03 pet-d27-01 pet-d17-01 pet-d08-06,1.0,0.73,19,237,
Q029,pet,fact_change,豆包现在吃的是什么牌子的粮？,2026-03-31T20:00:00,渴望成犬粮。,"根据记忆中的记录：
[2026-03-02T07:40:00] 陈屿：豆包早饭吃的还是皇家幼犬粮，一直吃这个牌子。
[2026-03-18T07:45:00] 陈屿：过渡期结束，现在豆包吃的是纯渴望成犬粮了。
[2026-03-26T07:35:00] 陈屿：现在一顿 100 克，它吃完还盯着碗看。
[2026-03-28T07:40:00] 陈屿：渴望这个粮吃了半个多月，便便一直是成型的，挺合适。
[2026-03-09T11:00:00] 刘医生：肠胃有点敏感，不是感染，先吃一周益生菌，粮也可以考虑换个低敏的。
[2026-03-05T18:30:00] 陈屿：买零食的时候得看配料，豆包对鸡肉过敏，吃了浑身起红点。
[2026-03-07T21:20:00] 陈屿：这两天便便有点软，不知道是不是皇家这袋粮不对付。
[2026-03-23T19:00:00] 陈屿：豆包今天学会握手了，教了三天，一说'握手'就把爪子抬起来。",错,把已失效的旧值当成现行事实陈述：皇家,,,pet-d10-01 pet-d27-01,pet-d01-01 pet-d17-01 pet-d25-01 pet-d27-01 pet-d08-02 pet-d04-01 pet-d06-01 pet-d22-01,0.5,0.55,14,246,
Q030,pet,fact_change,豆包现在每顿喂多少克？,2026-03-31T20:00:00,每顿 100 克，每天两顿。,"根据记忆中的记录：
[2026-03-21T19:10:00] 陈屿：刘医生说豆包偏瘦，让加量，从今天起每顿从 80 克加到 100 克。
[2026-03-26T07:35:00] 陈屿：现在一顿 100 克，它吃完还盯着碗看。
[2026-03-18T07:45:00] 陈屿：过渡期结束，现在豆包吃的是纯渴望成犬粮了。
[2026-03-03T07:30:00] 陈屿：一直是早晚两顿，一顿 80 克，用量杯量的。
[2026-03-24T15:00:00] 陈屿：同事想喂豆包鸡胸肉干，我赶紧拦下了，它鸡肉过敏。
[2026-03-04T22:13:00] 陈屿：豆包睡在它自己的窝里，打呼噜。
[2026-03-05T22:11:00] 陈屿：豆包睡在它自己的窝里，打呼噜。
[2026-03-06T22:17:00] 陈屿：豆包睡在它自己的窝里，打呼噜。",错,把已失效的旧值当成现行事实陈述：80,,,pet-d20-01 pet-d25-01,pet-d20-01 pet-d25-01 pet-d17-01 pet-d02-01 pet-d23-01 pet-d03-01 pet-d04-04 pet-d05-04,1.0,0.51,11,202,
Q031,pet,fact_change,豆包最新一次称重是多少？,2026-03-31T20:00:00,10.1 公斤（3 月 27 日复查时称的）。,"根据记忆中的记录：
[2026-03-20T10:00:00] 陈屿：今天带豆包去打狂犬疫苗，一年一次的加强针。
[2026-03-27T10:40:00] 刘医生：恢复得不错，益生菌可以停了。体重 10.1 公斤，这一个月长了差不多一公斤。
[2026-03-28T07:40:00] 陈屿：渴望这个粮吃了半个多月，便便一直是成型的，挺合适。
[2026-03-20T10:20:00] 刘医生：疫苗打完了，观察半小时没反应就可以走。体重 9.5 公斤，比上次长了点。
[2026-03-09T11:10:00] 刘医生：顺便称了一下，9.2 公斤，这个月龄偏瘦一点点。
[2026-03-02T07:40:00] 陈屿：豆包早饭吃的还是皇家幼犬粮，一直吃这个牌子。
[2026-03-09T19:31:00] 陈屿：给豆包梳了梳毛，掉毛季地上全是。
[2026-03-10T19:29:00] 陈屿：给豆包梳了梳毛，掉毛季地上全是。",错,把已失效的旧值当成现行事实陈述：9.2、9.5,,,pet-d26-02,pet-d19-01 pet-d26-02 pet-d27-01 pet-d19-02 pet-d08-03 pet-d01-01 pet-d08-06 pet-d09-03,1.0,0.54,12,239,
Q032,pet,fact_change,截至3月16日，豆包每顿的喂食量是多少？,2026-03-16T20:00:00,每顿 80 克（3 月 21 日才加到 100 克）。,"根据记忆中的记录：
[2026-03-03T07:30:00] 陈屿：一直是早晚两顿，一顿 80 克，用量杯量的。
[2026-03-07T20:16:00] 陈屿：刷牙的时候它躲，只刷了前面几颗。
[2026-03-09T11:10:00] 刘医生：顺便称了一下，9.2 公斤，这个月龄偏瘦一点点。
[2026-03-11T11:00:00] 陈屿：决定换粮了，皇家幼犬粮停掉，改喂渴望成犬粮，按七天过渡法慢慢换。
[2026-03-04T16:16:00] 陈屿：带豆包去了趟宠物店剪指甲，它全程发抖。
[2026-03-07T16:16:00] 陈屿：带豆包去了趟宠物店剪指甲，它全程发抖。
[2026-03-05T18:30:00] 陈屿：买零食的时候得看配料，豆包对鸡肉过敏，吃了浑身起红点。
[2026-03-03T13:16:00] 陈屿：中午太阳好，它趴在阳台上睡了一下午。",对,命中现行事实，且未把旧值当成现行,,,pet-d02-01,pet-d02-01 pet-d06-02 pet-d08-03 pet-d10-01 pet-d03-03 pet-d06-03 pet-d04-01 pet-d02-02,1.0,0.35,19,223,
Q041,pet,cross_session,豆包从第一次称重到最后一次称重，体重长了多少？,2026-03-31T20:00:00,从 9.2 公斤长到 10.1 公斤，涨了约 0.9 公斤。,"根据记忆中的记录：
[2026-03-27T10:40:00] 刘医生：恢复得不错，益生菌可以停了。体重 10.1 公斤，这一个月长了差不多一公斤。
[2026-03-20T10:20:00] 刘医生：疫苗打完了，观察半小时没反应就可以走。体重 9.5 公斤，比上次长了点。
[2026-03-20T10:00:00] 陈屿：今天带豆包去打狂犬疫苗，一年一次的加强针。
[2026-03-21T19:10:00] 陈屿：刘医生说豆包偏瘦，让加量，从今天起每顿从 80 克加到 100 克。
[2026-03-09T11:10:00] 刘医生：顺便称了一下，9.2 公斤，这个月龄偏瘦一点点。
[2026-03-28T07:40:00] 陈屿：渴望这个粮吃了半个多月，便便一直是成型的，挺合适。
[2026-03-05T12:36:00] 陈屿：豆包又把玩具球叼到沙发底下去了，够了半天才拿出来。
[2026-03-09T12:36:00] 陈屿：豆包又把玩具球叼到沙发底下去了，够了半天才拿出来。",错,缺少关键事实：(0.9|0.90),,,pet-d08-03 pet-d19-02 pet-d26-02,pet-d26-02 pet-d19-02 pet-d19-01 pet-d20-01 pet-d08-03 pet-d27-01 pet-d04-03 pet-d08-04,1.0,0.69,23,262,
Q042,pet,cross_session,豆包为什么换粮？换粮前后分别吃的是什么？,2026-03-31T20:00:00,因为软便、肠胃敏感（3 月 9 日就诊后刘医生建议换低敏粮），从皇家幼犬粮换成渴望成犬粮。,"根据记忆中的记录：
[2026-03-18T07:45:00] 陈屿：过渡期结束，现在豆包吃的是纯渴望成犬粮了。
[2026-03-02T07:40:00] 陈屿：豆包早饭吃的还是皇家幼犬粮，一直吃这个牌子。
[2026-03-11T11:00:00] 陈屿：决定换粮了，皇家幼犬粮停掉，改喂渴望成犬粮，按七天过渡法慢慢换。
[2026-03-09T11:00:00] 刘医生：肠胃有点敏感，不是感染，先吃一周益生菌，粮也可以考虑换个低敏的。
[2026-03-28T07:40:00] 陈屿：渴望这个粮吃了半个多月，便便一直是成型的，挺合适。
[2026-03-05T18:30:00] 陈屿：买零食的时候得看配料，豆包对鸡肉过敏，吃了浑身起红点。
[2026-03-07T21:20:00] 陈屿：这两天便便有点软，不知道是不是皇家这袋粮不对付。
[2026-03-09T19:31:00] 陈屿：给豆包梳了梳毛，掉毛季地上全是。",对,命中全部关键事实,,,pet-d06-01 pet-d08-02 pet-d10-01,pet-d17-01 pet-d01-01 pet-d10-01 pet-d08-02 pet-d27-01 pet-d04-01 pet-d06-01 pet-d08-06,1.0,0.68,20,251,
Q043,pet,cross_session,豆包这个月去过几次宠物医院？分别是为什么？,2026-03-31T20:00:00,3 次：3 月 9 日看软便、3 月 20 日打狂犬疫苗、3 月 27 日复查肠胃。,"根据记忆中的记录：
[2026-03-09T10:30:00] 陈屿：带豆包去安康动物医院看软便了，挂的刘医生。
[2026-03-27T10:15:00] 陈屿：带豆包回安康动物医院复查肠胃。
[2026-03-09T11:10:00] 刘医生：顺便称了一下，9.2 公斤，这个月龄偏瘦一点点。
[2026-03-28T07:40:00] 陈屿：渴望这个粮吃了半个多月，便便一直是成型的，挺合适。
[2026-03-02T07:40:00] 陈屿：豆包早饭吃的还是皇家幼犬粮，一直吃这个牌子。
[2026-03-27T10:40:00] 刘医生：恢复得不错，益生菌可以停了。体重 10.1 公斤，这一个月长了差不多一公斤。
[2026-03-02T16:15:00] 陈屿：带豆包去了趟宠物店剪指甲，它全程发抖。
[2026-03-04T16:16:00] 陈屿：带豆包去了趟宠物店剪指甲，它全程发抖。",错,缺少关键事实：(疫苗),,,pet-d08-01 pet-d19-01 pet-d26-01,pet-d08-01 pet-d26-01 pet-d08-03 pet-d27-01 pet-d01-01 pet-d26-02 pet-d01-03 pet-d03-03,0.667,0.68,21,228,
Q044,pet,cross_session,豆包的喂食量调整和它的体重变化之间有什么关系？,2026-03-31T20:00:00,3 月 21 日因偏瘦把每顿 80 克加到 100 克；此前 3 月 20 日体重 9.5 公斤，加量后 3 月 27 日复查涨到 10.1 公斤。,"根据记忆中的记录：
[2026-03-20T10:20:00] 刘医生：疫苗打完了，观察半小时没反应就可以走。体重 9.5 公斤，比上次长了点。
[2026-03-27T10:40:00] 刘医生：恢复得不错，益生菌可以停了。体重 10.1 公斤，这一个月长了差不多一公斤。
[2026-03-03T07:30:00] 陈屿：一直是早晚两顿，一顿 80 克，用量杯量的。
[2026-03-24T15:00:00] 陈屿：同事想喂豆包鸡胸肉干，我赶紧拦下了，它鸡肉过敏。
[2026-03-05T18:30:00] 陈屿：买零食的时候得看配料，豆包对鸡肉过敏，吃了浑身起红点。
[2026-03-21T19:10:00] 陈屿：刘医生说豆包偏瘦，让加量，从今天起每顿从 80 克加到 100 克。
[2026-03-04T22:13:00] 陈屿：豆包睡在它自己的窝里，打呼噜。
[2026-03-05T22:11:00] 陈屿：豆包睡在它自己的窝里，打呼噜。",对,命中全部关键事实,,,pet-d20-01 pet-d19-02 pet-d26-02,pet-d19-02 pet-d26-02 pet-d02-01 pet-d23-01 pet-d04-01 pet-d20-01 pet-d03-01 pet-d04-04,1.0,0.89,23,244,
Q053,pet,refusal,豆包做过绝育手术吗？,2026-03-31T20:00:00,数据中从未提到绝育，应明确表示没有相关记录。,"根据记忆中的记录：
[2026-03-23T19:00:00] 陈屿：豆包今天学会握手了，教了三天，一说'握手'就把爪子抬起来。
[2026-03-18T07:45:00] 陈屿：过渡期结束，现在豆包吃的是纯渴望成犬粮了。
[2026-03-24T15:00:00] 陈屿：同事想喂豆包鸡胸肉干，我赶紧拦下了，它鸡肉过敏。
[2026-03-05T18:30:00] 陈屿：买零食的时候得看配料，豆包对鸡肉过敏，吃了浑身起红点。
[2026-03-03T21:04:00] 陈屿：豆包今天挺乖的，没拆家。
[2026-03-04T21:00:00] 陈屿：豆包今天挺乖的，没拆家。
[2026-03-07T21:07:00] 陈屿：豆包今天挺乖的，没拆家。
[2026-03-11T21:00:00] 陈屿：豆包今天挺乖的，没拆家。",错,没有明确表示不知道/无相关记录,,,,pet-d22-01 pet-d17-01 pet-d23-01 pet-d04-01 pet-d02-05 pet-d03-02 pet-d06-04 pet-d10-02,,0.38,10,198,
Q054,pet,refusal,豆包用的驱虫药是什么牌子？,2026-03-31T20:00:00,数据中从未提到驱虫，应明确表示不知道。,"根据记忆中的记录：
[2026-03-02T07:40:00] 陈屿：豆包早饭吃的还是皇家幼犬粮，一直吃这个牌子。
[2026-03-03T07:30:00] 陈屿：一直是早晚两顿，一顿 80 克，用量杯量的。
[2026-03-18T07:45:00] 陈屿：过渡期结束，现在豆包吃的是纯渴望成犬粮了。
[2026-03-23T19:00:00] 陈屿：豆包今天学会握手了，教了三天，一说'握手'就把爪子抬起来。
[2026-03-09T19:31:00] 陈屿：给豆包梳了梳毛，掉毛季地上全是。
[2026-03-10T19:29:00] 陈屿：给豆包梳了梳毛，掉毛季地上全是。
[2026-03-20T19:32:00] 陈屿：给豆包梳了梳毛，掉毛季地上全是。
[2026-03-22T19:24:00] 陈屿：给豆包梳了梳毛，掉毛季地上全是。",错,没有明确表示不知道/无相关记录,,,,pet-d01-01 pet-d02-01 pet-d17-01 pet-d22-01 pet-d08-06 pet-d09-03 pet-d19-05 pet-d21-03,,0.5,13,204,
Q055,pet,refusal,陈屿家除了豆包还养了别的宠物吗？,2026-03-31T20:00:00,数据中只出现过豆包一只狗，没有提到其他宠物，应说明没有相关记录。,"根据记忆中的记录：
[2026-03-02T16:15:00] 陈屿：带豆包去了趟宠物店剪指甲，它全程发抖。
[2026-03-04T16:16:00] 陈屿：带豆包去了趟宠物店剪指甲，它全程发抖。
[2026-03-07T16:16:00] 陈屿：带豆包去了趟宠物店剪指甲，它全程发抖。
[2026-03-09T16:18:00] 陈屿：带豆包去了趟宠物店剪指甲，它全程发抖。
[2026-03-12T16:14:00] 陈屿：带豆包去了趟宠物店剪指甲，它全程发抖。
[2026-03-16T16:17:00] 陈屿：带豆包去了趟宠物店剪指甲，它全程发抖。
[2026-03-23T16:17:00] 陈屿：带豆包去了趟宠物店剪指甲，它全程发抖。
[2026-03-25T16:14:00] 陈屿：带豆包去了趟宠物店剪指甲，它全程发抖。",错,没有明确表示不知道/无相关记录,,,,pet-d01-03 pet-d03-03 pet-d06-03 pet-d08-05 pet-d11-01 pet-d15-01 pet-d22-02 pet-d24-02,,0.78,16,203,
Q056,pet,refusal,豆包上次洗澡是什么时候？,2026-03-31T20:00:00,数据中提到过剪指甲、梳毛、刷牙，但从未提到洗澡，应明确表示没有记录。,"根据记忆中的记录：
[2026-03-20T10:20:00] 刘医生：疫苗打完了，观察半小时没反应就可以走。体重 9.5 公斤，比上次长了点。
[2026-03-15T22:40:00] 陈屿：豆包今天打雷的时候钻到床底下不肯出来，抖得厉害。
[2026-03-05T18:30:00] 陈屿：买零食的时候得看配料，豆包对鸡肉过敏，吃了浑身起红点。
[2026-03-02T20:19:00] 陈屿：刷牙的时候它躲，只刷了前面几颗。
[2026-03-06T20:11:00] 陈屿：刷牙的时候它躲，只刷了前面几颗。
[2026-03-07T20:16:00] 陈屿：刷牙的时候它躲，只刷了前面几颗。
[2026-03-11T20:20:00] 陈屿：刷牙的时候它躲，只刷了前面几颗。
[2026-03-14T20:08:00] 陈屿：刷牙的时候它躲，只刷了前面几颗。",错,没有明确表示不知道/无相关记录,,,,pet-d19-02 pet-d14-01 pet-d04-01 pet-d01-04 pet-d05-02 pet-d06-02 pet-d10-04 pet-d13-04,,0.52,12,215,
Q009,robot,fact_recall,3月14日郑昊通知了充电桩的什么变动？,2026-03-31T20:00:00,因为 B1 东侧做管道改造，充电桩挪到 B1 西侧楼梯间旁边，地图已更新。,"根据记忆中的记录：
[2026-03-28T18:14:00] RB-07：返回充电桩，开始充电，当前电量 23%。
[2026-03-08T18:15:00] RB-07：返回 B1 东侧充电桩，开始充电。
[2026-03-14T18:30:00] RB-07：返回 B1 西侧充电桩，开始充电。
[2026-03-14T18:13:00] RB-07：返回充电桩，开始充电，当前电量 23%。
[2026-03-19T18:09:00] RB-07：返回充电桩，开始充电，当前电量 23%。
[2026-03-20T18:16:00] RB-07：返回充电桩，开始充电，当前电量 23%。
[2026-03-21T18:08:00] RB-07：返回充电桩，开始充电，当前电量 23%。
[2026-03-25T18:03:00] RB-07：返回充电桩，开始充电，当前电量 23%。",对,命中全部关键事实,,,rob-d13-01,rob-d27-04 rob-d07-01 rob-d13-02 rob-d13-03 rob-d18-04 rob-d19-02 rob-d20-04 rob-d24-05,0.0,0.7,18,169,
Q010,robot,fact_recall,3月8日 RB-07 报了什么故障？,2026-03-31T20:00:00,E-204 告警：左前轮在 1F 大厅湿滑地面打滑，原地空转约 5 秒。,"根据记忆中的记录：
[2026-03-02T16:53:00] 工程师-郑昊：看了下日志，今天没有异常告警。
[2026-03-04T16:51:00] 工程师-郑昊：看了下日志，今天没有异常告警。
[2026-03-07T16:54:00] 工程师-郑昊：看了下日志，今天没有异常告警。
[2026-03-15T16:57:00] 工程师-郑昊：看了下日志，今天没有异常告警。
[2026-03-17T16:56:00] 工程师-郑昊：看了下日志，今天没有异常告警。
[2026-03-20T16:52:00] 工程师-郑昊：看了下日志，今天没有异常告警。
[2026-03-21T16:56:00] 工程师-郑昊：看了下日志，今天没有异常告警。
[2026-03-24T16:55:00] 工程师-郑昊：看了下日志，今天没有异常告警。",错,缺少关键事实：(E-204|左前轮|打滑),,,rob-d07-02 rob-d07-03,rob-d01-02 rob-d03-02 rob-d06-05 rob-d14-03 rob-d16-03 rob-d19-03 rob-d20-05 rob-d23-04,0.0,0.42,11,201,
Q011,robot,fact_recall,3月12日郑昊说自己的工位有什么变化？,2026-03-31T20:00:00,从 2F-A12 搬到 3F-C03，以后东西送 3F。,"根据记忆中的记录：
[2026-03-12T09:20:00] 工程师-郑昊：我搬工位了，从 2F-A12 换到 3F-C03，以后东西送 3F。
[2026-03-02T16:53:00] 工程师-郑昊：看了下日志，今天没有异常告警。
[2026-03-04T16:51:00] 工程师-郑昊：看了下日志，今天没有异常告警。
[2026-03-07T16:54:00] 工程师-郑昊：看了下日志，今天没有异常告警。
[2026-03-15T16:57:00] 工程师-郑昊：看了下日志，今天没有异常告警。
[2026-03-17T16:56:00] 工程师-郑昊：看了下日志，今天没有异常告警。
[2026-03-20T16:52:00] 工程师-郑昊：看了下日志，今天没有异常告警。
[2026-03-21T16:56:00] 工程师-郑昊：看了下日志，今天没有异常告警。",对,命中全部关键事实,,,rob-d11-01,rob-d11-01 rob-d01-02 rob-d03-02 rob-d06-05 rob-d14-03 rob-d16-03 rob-d19-03 rob-d20-05,1.0,0.61,18,204,
Q012,robot,fact_recall,3月21日前台苏婷通知打印耗材放到哪里了？,2026-03-31T20:00:00,行政把耗材从 3F 储物间搬到了 2F 储物间，以后取件去 2F。,"根据记忆中的记录：
[2026-03-21T09:30:00] 前台-苏婷：行政把耗材从 3F 储物间搬到 2F 储物间了，以后取件去 2F。
[2026-03-05T10:10:00] 前台-苏婷：打印纸和硒鼓都在 3F 储物间，需要的时候让 RB-07 去取。
[2026-03-07T10:00:00] 前台-苏婷：林工到了，RB-07 带他去 2F 会议室。
[2026-03-19T14:30:00] 前台-苏婷：林工又来了，这次找郑昊，RB-07 带他上 3F。
[2026-03-03T10:28:00] 前台-苏婷：RB-07 今天看着挺利索的，没在门口卡住。
[2026-03-19T10:25:00] 前台-苏婷：RB-07 今天看着挺利索的，没在门口卡住。
[2026-03-21T10:27:00] 前台-苏婷：RB-07 今天看着挺利索的，没在门口卡住。
[2026-03-25T10:23:00] 前台-苏婷：RB-07 今天看着挺利索的，没在门口卡住。",对,命中全部关键事实,,,rob-d20-01,rob-d20-01 rob-d04-01 rob-d06-01 rob-d18-01 rob-d02-04 rob-d18-05 rob-d20-06 rob-d24-06,1.0,0.72,20,218,
Q021,robot,temporal_locate,3月16日下午 RB-07 报了什么告警？,2026-03-31T20:00:00,E-311 告警：激光雷达镜面积尘，测距置信度降到 0.62，触发降速。,"根据记忆中的记录：
[2026-03-02T16:53:00] 工程师-郑昊：看了下日志，今天没有异常告警。
[2026-03-04T16:51:00] 工程师-郑昊：看了下日志，今天没有异常告警。
[2026-03-07T16:54:00] 工程师-郑昊：看了下日志，今天没有异常告警。
[2026-03-15T16:57:00] 工程师-郑昊：看了下日志，今天没有异常告警。
[2026-03-17T16:56:00] 工程师-郑昊：看了下日志，今天没有异常告警。
[2026-03-20T16:52:00] 工程师-郑昊：看了下日志，今天没有异常告警。
[2026-03-21T16:56:00] 工程师-郑昊：看了下日志，今天没有异常告警。
[2026-03-24T16:55:00] 工程师-郑昊：看了下日志，今天没有异常告警。",错,缺少关键事实：(E-311|激光雷达),,,rob-d15-02 rob-d15-03,rob-d01-02 rob-d03-02 rob-d06-05 rob-d14-03 rob-d16-03 rob-d19-03 rob-d20-05 rob-d23-04,0.0,0.91,13,201,
Q022,robot,temporal_locate,上周三上午 RB-07 报了什么告警？,2026-03-31T20:00:00,E-508 告警：电池健康度告警，容量衰减至标称值的 81%。,"根据记忆中的记录：
[2026-03-08T11:30:00] RB-07：告警 E-204：左前轮打滑，在 1F 大厅湿滑地面上原地空转了约 5 秒。
[2026-03-25T08:40:00] RB-07：告警 E-508：电池健康度告警，容量衰减至标称值的 81%。
[2026-03-02T16:53:00] 工程师-郑昊：看了下日志，今天没有异常告警。
[2026-03-04T16:51:00] 工程师-郑昊：看了下日志，今天没有异常告警。
[2026-03-07T16:54:00] 工程师-郑昊：看了下日志，今天没有异常告警。
[2026-03-15T16:57:00] 工程师-郑昊：看了下日志，今天没有异常告警。
[2026-03-17T16:56:00] 工程师-郑昊：看了下日志，今天没有异常告警。
[2026-03-20T16:52:00] 工程师-郑昊：看了下日志，今天没有异常告警。",对,命中全部关键事实,,,rob-d24-02 rob-d24-03,rob-d07-02 rob-d24-02 rob-d01-02 rob-d03-02 rob-d06-05 rob-d14-03 rob-d16-03 rob-d19-03,0.5,0.54,13,211,
Q023,robot,temporal_locate,3月19日下午前台安排 RB-07 做了什么？,2026-03-31T20:00:00,引导第二次来访的林工从 1F 前台去 3F-C03 找郑昊。,"根据记忆中的记录：
[2026-03-07T10:00:00] 前台-苏婷：林工到了，RB-07 带他去 2F 会议室。
[2026-03-19T14:30:00] 前台-苏婷：林工又来了，这次找郑昊，RB-07 带他上 3F。
[2026-03-06T11:19:00] RB-07：在 1F 大厅巡航，识别到 3 名行人，已减速避让。
[2026-03-13T11:19:00] RB-07：在 1F 大厅巡航，识别到 3 名行人，已减速避让。
[2026-03-02T16:53:00] 工程师-郑昊：看了下日志，今天没有异常告警。
[2026-03-04T16:51:00] 工程师-郑昊：看了下日志，今天没有异常告警。
[2026-03-07T16:54:00] 工程师-郑昊：看了下日志，今天没有异常告警。
[2026-03-15T16:57:00] 工程师-郑昊：看了下日志，今天没有异常告警。",对,命中全部关键事实,,,rob-d18-01 rob-d18-02,rob-d06-01 rob-d18-01 rob-d05-02 rob-d12-03 rob-d01-02 rob-d03-02 rob-d06-05 rob-d14-03,0.5,0.7,15,201,
Q024,robot,temporal_locate,3月5日上午前台苏婷说打印耗材放在哪里？,2026-03-31T20:00:00,打印纸和硒鼓都在 3F 储物间。,"根据记忆中的记录：
[2026-03-05T10:10:00] 前台-苏婷：打印纸和硒鼓都在 3F 储物间，需要的时候让 RB-07 去取。
[2026-03-21T09:30:00] 前台-苏婷：行政把耗材从 3F 储物间搬到 2F 储物间了，以后取件去 2F。
[2026-03-19T14:30:00] 前台-苏婷：林工又来了，这次找郑昊，RB-07 带他上 3F。
[2026-03-03T10:28:00] 前台-苏婷：RB-07 今天看着挺利索的，没在门口卡住。
[2026-03-19T10:25:00] 前台-苏婷：RB-07 今天看着挺利索的，没在门口卡住。
[2026-03-21T10:27:00] 前台-苏婷：RB-07 今天看着挺利索的，没在门口卡住。
[2026-03-25T10:23:00] 前台-苏婷：RB-07 今天看着挺利索的，没在门口卡住。
[2026-03-28T10:29:00] 前台-苏婷：RB-07 今天看着挺利索的，没在门口卡住。",对,命中全部关键事实,,,rob-d04-01,rob-d04-01 rob-d20-01 rob-d18-01 rob-d02-04 rob-d18-05 rob-d20-06 rob-d24-06 rob-d27-02,1.0,0.99,20,221,
Q033,robot,fact_change,RB-07 现在的充电桩在什么位置？,2026-03-31T20:00:00,B1 层西侧，靠近楼梯间。,"根据记忆中的记录：
[2026-03-08T18:15:00] RB-07：返回 B1 东侧充电桩，开始充电。
[2026-03-14T18:30:00] RB-07：返回 B1 西侧充电桩，开始充电。
[2026-03-14T18:13:00] RB-07：返回充电桩，开始充电，当前电量 23%。
[2026-03-19T18:09:00] RB-07：返回充电桩，开始充电，当前电量 23%。
[2026-03-20T18:16:00] RB-07：返回充电桩，开始充电，当前电量 23%。
[2026-03-21T18:08:00] RB-07：返回充电桩，开始充电，当前电量 23%。
[2026-03-25T18:03:00] RB-07：返回充电桩，开始充电，当前电量 23%。
[2026-03-28T18:14:00] RB-07：返回充电桩，开始充电，当前电量 23%。",错,把已失效的旧值当成现行事实陈述：东侧,,,rob-d13-01 rob-d28-01,rob-d07-01 rob-d13-02 rob-d13-03 rob-d18-04 rob-d19-02 rob-d20-04 rob-d24-05 rob-d27-04,0.0,0.7,13,169,
Q034,robot,fact_change,打印耗材现在存放在哪里？,2026-03-31T20:00:00,2F 储物间。,"根据记忆中的记录：
[2026-03-05T10:10:00] 前台-苏婷：打印纸和硒鼓都在 3F 储物间，需要的时候让 RB-07 去取。
[2026-03-21T09:30:00] 前台-苏婷：行政把耗材从 3F 储物间搬到 2F 储物间了，以后取件去 2F。
[2026-03-08T11:30:00] RB-07：告警 E-204：左前轮打滑，在 1F 大厅湿滑地面上原地空转了约 5 秒。
[2026-03-08T11:50:00] 工程师-郑昊：收到 E-204 告警，已现场处理并记录。
[2026-03-16T16:40:00] 工程师-郑昊：收到 E-311 告警，已现场处理并记录。
[2026-03-25T09:00:00] 工程师-郑昊：收到 E-508 告警，已现场处理并记录。
[2026-03-03T17:25:00] RB-07：今日累计行驶 4.2 公里，任务完成率 100%。
[2026-03-04T17:30:00] RB-07：今日累计行驶 4.2 公里，任务完成率 100%。",错,把已失效的旧值当成现行事实陈述：3F,,,rob-d20-01 rob-d24-01,rob-d04-01 rob-d20-01 rob-d07-02 rob-d07-03 rob-d15-03 rob-d24-03 rob-d02-03 rob-d03-05,0.5,0.53,12,215,
Q035,robot,fact_change,郑昊现在的工位在哪里？,2026-03-31T20:00:00,3F-C03。,"根据记忆中的记录：
[2026-03-12T09:20:00] 工程师-郑昊：我搬工位了，从 2F-A12 换到 3F-C03，以后东西送 3F。
[2026-03-08T11:50:00] 工程师-郑昊：收到 E-204 告警，已现场处理并记录。
[2026-03-16T16:40:00] 工程师-郑昊：收到 E-311 告警，已现场处理并记录。
[2026-03-25T09:00:00] 工程师-郑昊：收到 E-508 告警，已现场处理并记录。
[2026-03-02T16:53:00] 工程师-郑昊：看了下日志，今天没有异常告警。
[2026-03-04T16:51:00] 工程师-郑昊：看了下日志，今天没有异常告警。
[2026-03-07T16:54:00] 工程师-郑昊：看了下日志，今天没有异常告警。
[2026-03-15T16:57:00] 工程师-郑昊：看了下日志，今天没有异常告警。",错,把已失效的旧值当成现行事实陈述：A12,,,rob-d11-01 rob-d27-01,rob-d11-01 rob-d07-03 rob-d15-03 rob-d24-03 rob-d01-02 rob-d03-02 rob-d06-05 rob-d14-03,0.5,0.42,11,204,
Q036,robot,fact_change,截至3月10日，RB-07 的充电桩在什么位置？,2026-03-10T20:00:00,B1 层东侧，靠近货梯（3 月 14 日才挪到西侧）。,"根据记忆中的记录：
[2026-03-05T10:10:00] 前台-苏婷：打印纸和硒鼓都在 3F 储物间，需要的时候让 RB-07 去取。
[2026-03-03T11:18:00] RB-07：在 1F 大厅巡航，识别到 3 名行人，已减速避让。
[2026-03-06T11:19:00] RB-07：在 1F 大厅巡航，识别到 3 名行人，已减速避让。
[2026-03-07T11:24:00] RB-07：在 1F 大厅巡航，识别到 3 名行人，已减速避让。
[2026-03-10T11:21:00] RB-07：在 1F 大厅巡航，识别到 3 名行人，已减速避让。
[2026-03-08T18:15:00] RB-07：返回 B1 东侧充电桩，开始充电。
[2026-03-02T18:20:00] RB-07：任务结束，返回 B1 东侧充电桩，开始充电。
[2026-03-03T14:10:00] RB-07：配送任务：文件袋一个，收件人 工程师-郑昊，送达 2F-A12。",对,命中现行事实，且未把旧值当成现行,,,rob-d01-01 rob-d07-01,rob-d04-01 rob-d02-05 rob-d05-02 rob-d06-06 rob-d09-04 rob-d07-01 rob-d01-01 rob-d02-01,1.0,0.31,17,207,
Q045,robot,cross_session,RB-07 这个月出现过几次告警？分别是什么？,2026-03-31T20:00:00,3 次：3 月 8 日 E-204 左前轮打滑、3 月 16 日 E-311 激光雷达积尘、3 月 25 日 E-508 电池健康度告警。,"根据记忆中的记录：
[2026-03-08T11:50:00] 工程师-郑昊：收到 E-204 告警，已现场处理并记录。
[2026-03-16T16:40:00] 工程师-郑昊：收到 E-311 告警，已现场处理并记录。
[2026-03-25T09:00:00] 工程师-郑昊：收到 E-508 告警，已现场处理并记录。
[2026-03-04T09:52:00] 前台-苏婷：有访客问这个机器人是干嘛的，我说是送文件的。
[2026-03-05T09:56:00] 前台-苏婷：有访客问这个机器人是干嘛的，我说是送文件的。
[2026-03-08T09:57:00] 前台-苏婷：有访客问这个机器人是干嘛的，我说是送文件的。
[2026-03-10T09:46:00] 前台-苏婷：有访客问这个机器人是干嘛的，我说是送文件的。
[2026-03-11T09:52:00] 前台-苏婷：有访客问这个机器人是干嘛的，我说是送文件的。",对,命中全部关键事实,,,rob-d07-02 rob-d15-02 rob-d24-02,rob-d07-03 rob-d15-03 rob-d24-03 rob-d03-03 rob-d04-04 rob-d07-06 rob-d09-02 rob-d10-02,0.0,0.64,18,230,
Q046,robot,cross_session,访客林工来过几次？每次分别去了哪里？,2026-03-31T20:00:00,2 次：3 月 7 日由 RB-07 从 1F 前台引导到 2F 会议室；3 月 19 日引导到 3F-C03 找郑昊。,"根据记忆中的记录：
[2026-03-19T14:35:00] RB-07：引导任务开始：访客-林工，1F 前台 → 3F-C03。
[2026-03-07T10:05:00] RB-07：引导任务开始：访客-林工，1F 前台 → 2F 会议室。
[2026-03-19T14:30:00] 前台-苏婷：林工又来了，这次找郑昊，RB-07 带他上 3F。
[2026-03-07T10:00:00] 前台-苏婷：林工到了，RB-07 带他去 2F 会议室。
[2026-03-04T09:52:00] 前台-苏婷：有访客问这个机器人是干嘛的，我说是送文件的。
[2026-03-05T09:56:00] 前台-苏婷：有访客问这个机器人是干嘛的，我说是送文件的。
[2026-03-08T09:57:00] 前台-苏婷：有访客问这个机器人是干嘛的，我说是送文件的。
[2026-03-10T09:46:00] 前台-苏婷：有访客问这个机器人是干嘛的，我说是送文件的。",对,命中全部关键事实,,,rob-d06-01 rob-d06-02 rob-d18-01 rob-d18-02,rob-d18-02 rob-d06-02 rob-d18-01 rob-d06-01 rob-d03-03 rob-d04-04 rob-d07-06 rob-d09-02,1.0,0.58,18,222,
Q047,robot,cross_session,给郑昊送东西的地点前后有什么不同？为什么会变？,2026-03-31T20:00:00,3 月 3 日送到 2F-A12；3 月 12 日他搬工位后，3 月 16 日和 3 月 28 日都送到 3F-C03。,"根据记忆中的记录：
[2026-03-12T09:20:00] 工程师-郑昊：我搬工位了，从 2F-A12 换到 3F-C03，以后东西送 3F。
[2026-03-03T14:10:00] RB-07：配送任务：文件袋一个，收件人 工程师-郑昊，送达 2F-A12。
[2026-03-16T14:05:00] RB-07：配送任务：备件盒一个，收件人 工程师-郑昊，送达 3F-C03。
[2026-03-28T10:40:00] RB-07：配送任务：签字文件一份，收件人 工程师-郑昊，送达 3F-C03。
[2026-03-14T09:00:00] 工程师-郑昊：B1 东侧要做管道改造，充电桩今天挪到 B1 西侧楼梯间旁边，地图已经更新。
[2026-03-02T16:53:00] 工程师-郑昊：看了下日志，今天没有异常告警。
[2026-03-04T16:51:00] 工程师-郑昊：看了下日志，今天没有异常告警。
[2026-03-07T16:54:00] 工程师-郑昊：看了下日志，今天没有异常告警。",对,命中全部关键事实,,,rob-d02-01 rob-d11-01 rob-d15-01 rob-d27-01,rob-d11-01 rob-d02-01 rob-d15-01 rob-d27-01 rob-d13-01 rob-d01-02 rob-d03-02 rob-d06-05,1.0,0.8,23,236,
Q048,robot,cross_session,这个月办公楼里一共发生了哪些位置变更？,2026-03-31T20:00:00,3 项：3 月 12 日郑昊工位 2F-A12→3F-C03；3 月 14 日充电桩 B1 东侧→西侧；3 月 21 日打印耗材 3F 储物间→2F 储物间。,"根据记忆中的记录：
[2026-03-16T16:20:00] RB-07：告警 E-311：激光雷达镜面积尘，测距置信度下降到 0.62，触发降速。
[2026-03-14T09:00:00] 工程师-郑昊：B1 东侧要做管道改造，充电桩今天挪到 B1 西侧楼梯间旁边，地图已经更新。
[2026-03-12T09:20:00] 工程师-郑昊：我搬工位了，从 2F-A12 换到 3F-C03，以后东西送 3F。
[2026-03-04T09:52:00] 前台-苏婷：有访客问这个机器人是干嘛的，我说是送文件的。
[2026-03-05T09:56:00] 前台-苏婷：有访客问这个机器人是干嘛的，我说是送文件的。
[2026-03-08T09:57:00] 前台-苏婷：有访客问这个机器人是干嘛的，我说是送文件的。
[2026-03-10T09:46:00] 前台-苏婷：有访客问这个机器人是干嘛的，我说是送文件的。
[2026-03-11T09:52:00] 前台-苏婷：有访客问这个机器人是干嘛的，我说是送文件的。",错,缺少关键事实：耗材,,,rob-d11-01 rob-d13-01 rob-d20-01,rob-d15-02 rob-d13-01 rob-d11-01 rob-d03-03 rob-d04-04 rob-d07-06 rob-d09-02 rob-d10-02,0.667,0.69,19,259,
Q057,robot,refusal,RB-07 在 4 楼执行过哪些任务？,2026-03-31T20:00:00,这栋楼在数据中只出现过 B1、1F、2F、3F，没有 4 楼，应指出无相关记录。,"根据记忆中的记录：
[2026-03-03T17:25:00] RB-07：今日累计行驶 4.2 公里，任务完成率 100%。
[2026-03-04T17:30:00] RB-07：今日累计行驶 4.2 公里，任务完成率 100%。
[2026-03-06T17:34:00] RB-07：今日累计行驶 4.2 公里，任务完成率 100%。
[2026-03-13T17:25:00] RB-07：今日累计行驶 4.2 公里，任务完成率 100%。
[2026-03-16T17:31:00] RB-07：今日累计行驶 4.2 公里，任务完成率 100%。
[2026-03-17T17:26:00] RB-07：今日累计行驶 4.2 公里，任务完成率 100%。
[2026-03-18T17:32:00] RB-07：今日累计行驶 4.2 公里，任务完成率 100%。
[2026-03-22T17:30:00] RB-07：今日累计行驶 4.2 公里，任务完成率 100%。",错,没有明确表示不知道/无相关记录,,,,rob-d02-03 rob-d03-05 rob-d05-01 rob-d12-02 rob-d15-05 rob-d16-02 rob-d17-02 rob-d21-03,,0.5,12,173,
Q058,robot,refusal,RB-07 的固件版本号是多少？,2026-03-31T20:00:00,数据中只提到导航地图版本 v3.2，从未提到固件版本，应明确表示不知道，不得拿地图版本冒充。,"根据记忆中的记录：
[2026-03-02T08:07:00] RB-07：系统自检完成，电量 98%，导航地图版本 v3.2。
[2026-03-04T08:12:00] RB-07：系统自检完成，电量 98%，导航地图版本 v3.2。
[2026-03-06T08:09:00] RB-07：系统自检完成，电量 98%，导航地图版本 v3.2。
[2026-03-07T08:17:00] RB-07：系统自检完成，电量 98%，导航地图版本 v3.2。
[2026-03-08T08:04:00] RB-07：系统自检完成，电量 98%，导航地图版本 v3.2。
[2026-03-09T08:12:00] RB-07：系统自检完成，电量 98%，导航地图版本 v3.2。
[2026-03-12T08:05:00] RB-07：系统自检完成，电量 98%，导航地图版本 v3.2。
[2026-03-14T08:14:00] RB-07：系统自检完成，电量 98%，导航地图版本 v3.2。",错,编造了数据中不存在的内容：v3.2、3.2,,,,rob-d01-03 rob-d03-04 rob-d05-03 rob-d06-03 rob-d07-04 rob-d08-04 rob-d11-02 rob-d13-06,,0.46,11,189,
Q059,robot,refusal,前台苏婷的工位编号是多少？,2026-03-31T20:00:00,数据中只给出了郑昊的工位编号，没有苏婷的，应明确表示没有记录。,"根据记忆中的记录：
[2026-03-04T09:52:00] 前台-苏婷：有访客问这个机器人是干嘛的，我说是送文件的。
[2026-03-05T09:56:00] 前台-苏婷：有访客问这个机器人是干嘛的，我说是送文件的。
[2026-03-08T09:57:00] 前台-苏婷：有访客问这个机器人是干嘛的，我说是送文件的。
[2026-03-10T09:46:00] 前台-苏婷：有访客问这个机器人是干嘛的，我说是送文件的。
[2026-03-11T09:52:00] 前台-苏婷：有访客问这个机器人是干嘛的，我说是送文件的。
[2026-03-12T09:47:00] 前台-苏婷：有访客问这个机器人是干嘛的，我说是送文件的。
[2026-03-16T09:43:00] 前台-苏婷：有访客问这个机器人是干嘛的，我说是送文件的。
[2026-03-20T09:55:00] 前台-苏婷：有访客问这个机器人是干嘛的，我说是送文件的。",错,没有明确表示不知道/无相关记录,,,,rob-d03-03 rob-d04-04 rob-d07-06 rob-d09-02 rob-d10-02 rob-d11-04 rob-d15-04 rob-d19-04,,0.76,13,249,
Q060,robot,refusal,RB-07 这个月更换过电池吗？,2026-03-31T20:00:00,数据中只有 3 月 25 日的电池健康度告警（E-508），没有任何更换电池的记录，应说明未见更换记录。,"根据记忆中的记录：
[2026-03-25T08:40:00] RB-07：告警 E-508：电池健康度告警，容量衰减至标称值的 81%。
[2026-03-04T09:52:00] 前台-苏婷：有访客问这个机器人是干嘛的，我说是送文件的。
[2026-03-05T09:56:00] 前台-苏婷：有访客问这个机器人是干嘛的，我说是送文件的。
[2026-03-08T09:57:00] 前台-苏婷：有访客问这个机器人是干嘛的，我说是送文件的。
[2026-03-10T09:46:00] 前台-苏婷：有访客问这个机器人是干嘛的，我说是送文件的。
[2026-03-11T09:52:00] 前台-苏婷：有访客问这个机器人是干嘛的，我说是送文件的。
[2026-03-12T09:47:00] 前台-苏婷：有访客问这个机器人是干嘛的，我说是送文件的。
[2026-03-16T09:43:00] 前台-苏婷：有访客问这个机器人是干嘛的，我说是送文件的。",错,没有明确表示不知道/无相关记录,,,,rob-d24-02 rob-d03-03 rob-d04-04 rob-d07-06 rob-d09-02 rob-d10-02 rob-d11-04 rob-d15-04,,0.71,11,246,
